{
  "timeZone": "America/Sao_Paulo",
  "runtimeVersion": "V8",
  "exceptionLogging": "STACKDRIVER",
  "oauthScopes": [
    "https://www.googleapis.com/auth/spreadsheets",
    "https://www.googleapis.com/auth/drive",
    "https://www.googleapis.com/auth/script.external_request",
    "https://www.googleapis.com/auth/script.scriptapp",
    "https://www.googleapis.com/auth/userinfo.email",
    "https://www.googleapis.com/auth/forms"
  ],
  "webapp": {
    "access": "ANYONE",
    "executeAs": "USER_DEPLOYING"
  }
}

